{
  "Warehouse": "Yorkshire and The Humber",
  "Date": "2020-05-07",
  "Time": "14:03:49",
  "Items": [
    {
      "ItemID": 1484,
      "ItemCount": 40
    },
    {
      "ItemID": 81422,
      "ItemCount": 80
    },
    {
      "ItemID": 4464,
      "ItemCount": 20
    },
    {
      "ItemID": 62462,
      "ItemCount": 20
    },
    {
      "ItemID": 95592,
      "ItemCount": 40
    },
    {
      "ItemID": 75252,
      "ItemCount": 20
    },
    {
      "ItemID": 108342,
      "ItemCount": 20
    }
  ]
}