{
  "Warehouse": "East of England",
  "Date": "2020-05-06",
  "Time": "02:30:42",
  "Items": [
    {
      "ItemID": 81422,
      "ItemCount": 20
    },
    {
      "ItemID": 95592,
      "ItemCount": 20
    },
    {
      "ItemID": 26,
      "ItemCount": 120
    },
    {
      "ItemID": 76552,
      "ItemCount": 20
    },
    {
      "ItemID": 1484,
      "ItemCount": 20
    },
    {
      "ItemID": 75252,
      "ItemCount": 20
    },
    {
      "ItemID": 62462,
      "ItemCount": 20
    }
  ]
}